{"alpha":2.8691390108311365,"observations":6431,"r_squared":0.08128170917651012,"beta":0.10290752021317667}